miRNA_1	miRNA_2	bifan_target_1	bifan_target_2
gene_name_1	gene_name_2	not_in_G	not_in_G
MIR101-1	MIR101-2	UBE2D2	UBE2D1
MIR101-1	MIR101-2	SMARCA1	SMARCA5
MIR101-1	MIR101-2	ZEB2	ZEB1
MIR103A1	MIR103A2	MBNL1	MBNL2
MIR103A1	MIR103A2	PDE3B	PDE3A
MIR103A1	MIR103A2	NPAS2	CLOCK
MIR103A1	MIR103A2	CHD2	CHD1
MIR103A1	MIR103A2	ANK3	ANK2
MIR103A1	MIR103A2	SCN1A	SCN8A
MIR103A1	MIR103A2	SCN8A	SCN2A
MIR103A1	MIR103A2	MYBL1	MYB
MIR103A1	MIR107	NPAS2	CLOCK
MIR103A1	MIR107	CHD2	CHD1
MIR103A1	MIR107	SCN1A	SCN8A
MIR103A1	MIR107	SCN8A	SCN2A
MIR103A1	MIR107	MYBL1	MYB
MIR103A2	MIR107	NPAS2	CLOCK
MIR103A2	MIR107	CHD2	CHD1
MIR103A2	MIR107	SCN1A	SCN8A
MIR103A2	MIR107	SCN8A	SCN2A
MIR103A2	MIR107	MYBL1	MYB
MIR106A	MIR106B	NR4A3	NR4A2
MIR106A	MIR106B	EPHA4	EPHA7
MIR106A	MIR106B	RGMB	RGMA
MIR106A	MIR106B	ARID4A	ARID4B
MIR106A	MIR106B	TRIP10	FNBP1L
MIR106A	MIR17	NR4A3	NR4A2
MIR106A	MIR17	EPHA4	EPHA7
MIR106A	MIR17	RGMB	RGMA
MIR106A	MIR17	ARID4A	ARID4B
MIR106A	MIR17	VLDLR	LDLR
MIR106A	MIR17	TRIP10	FNBP1L
MIR106B	MIR17	NR4A3	NR4A2
MIR106B	MIR17	EPHA4	EPHA7
MIR106B	MIR17	RGMB	RGMA
MIR106B	MIR17	ARID4A	ARID4B
MIR106B	MIR17	TRIP10	FNBP1L
MIR10A	MIR10B	EPHA4	EPHA5
MIR10A	MIR10B	HOXA3	HOXB3
MIR124-1	MIR124-3	AFF1	AFF4
MIR124-1	MIR124-3	AFF1	AFF3
MIR124-1	MIR124-3	CELF2	CELF1
MIR124-1	MIR124-3	PTBP3	PTBP1
MIR124-1	MIR124-3	PTBP3	PTBP2
MIR124-1	MIR124-3	SP1	SP2
MIR124-1	MIR124-3	MTF2	PHF19
MIR124-1	MIR124-3	GRIA2	GRIA3
MIR124-1	MIR124-3	OSBPL11	OSBPL10
MIR124-1	MIR124-3	KPNA4	KPNA3
MIR124-1	MIR124-3	AFF3	AFF4
MIR124-1	MIR124-3	RNF165	RNF111
MIR124-1	MIR124-3	HIVEP2	HIVEP1
MIR124-1	MIR124-3	PTBP2	PTBP1
MIR124-1	MIR124-3	AGPAT3	AGPAT4
MIR124-1	MIR124-3	LIN7A	LIN7C
MIR124-1	MIR124-3	PDE4D	PDE4B
MIR124-1	MIR124-3	HIPK1	HIPK3
MIR124-1	MIR124-3	GNAI2	GNAI1
MIR124-1	MIR124-3	EPB41L1	EPB41L2
MIR124-1	MIR124-2	AFF1	AFF4
MIR124-1	MIR124-2	AFF1	AFF3
MIR124-1	MIR124-2	CELF2	CELF1
MIR124-1	MIR124-2	PTBP3	PTBP1
MIR124-1	MIR124-2	PTBP3	PTBP2
MIR124-1	MIR124-2	SP1	SP2
MIR124-1	MIR124-2	MTF2	PHF19
MIR124-1	MIR124-2	GRIA2	GRIA3
MIR124-1	MIR124-2	OSBPL11	OSBPL10
MIR124-1	MIR124-2	KPNA4	KPNA3
MIR124-1	MIR124-2	AFF3	AFF4
MIR124-1	MIR124-2	RNF165	RNF111
MIR124-1	MIR124-2	HIVEP2	HIVEP1
MIR124-1	MIR124-2	PTBP2	PTBP1
MIR124-1	MIR124-2	AGPAT3	AGPAT4
MIR124-1	MIR124-2	LIN7A	LIN7C
MIR124-1	MIR124-2	PDE4D	PDE4B
MIR124-1	MIR124-2	HIPK1	HIPK3
MIR124-1	MIR124-2	GNAI2	GNAI1
MIR124-1	MIR124-2	EPB41L1	EPB41L2
MIR124-3	MIR124-2	AFF1	AFF4
MIR124-3	MIR124-2	AFF1	AFF3
MIR124-3	MIR124-2	CELF2	CELF1
MIR124-3	MIR124-2	PTBP3	PTBP1
MIR124-3	MIR124-2	PTBP3	PTBP2
MIR124-3	MIR124-2	SP1	SP2
MIR124-3	MIR124-2	MTF2	PHF19
MIR124-3	MIR124-2	GRIA2	GRIA3
MIR124-3	MIR124-2	OSBPL11	OSBPL10
MIR124-3	MIR124-2	KPNA4	KPNA3
MIR124-3	MIR124-2	AFF3	AFF4
MIR124-3	MIR124-2	RNF165	RNF111
MIR124-3	MIR124-2	HIVEP2	HIVEP1
MIR124-3	MIR124-2	PTBP2	PTBP1
MIR124-3	MIR124-2	AGPAT3	AGPAT4
MIR124-3	MIR124-2	LIN7A	LIN7C
MIR124-3	MIR124-2	PDE4D	PDE4B
MIR124-3	MIR124-2	HIPK1	HIPK3
MIR124-3	MIR124-2	GNAI2	GNAI1
MIR124-3	MIR124-2	EPB41L1	EPB41L2
MIR125A	MIR125B1	ZSWIM6	ZSWIM5
MIR125A	MIR125B1	SEMA4D	SEMA4C
MIR125A	MIR125B1	LIN28B	LIN28A
MIR125A	MIR125B1	MAP3K11	MAP3K10
MIR125A	MIR125B2	ZSWIM6	ZSWIM5
MIR125A	MIR125B2	SEMA4D	SEMA4C
MIR125A	MIR125B2	LIN28B	LIN28A
MIR125A	MIR125B2	MAP3K11	MAP3K10
MIR125B1	MIR125B2	ZSWIM6	ZSWIM5
MIR125B1	MIR125B2	SEMA4D	SEMA4C
MIR125B1	MIR125B2	LIN28B	LIN28A
MIR125B1	MIR125B2	MAP3K11	MAP3K10
MIR128-1	MIR128-2	SMAD3	SMAD2
MIR128-1	MIR128-2	KCNK2	KCNK10
MIR128-1	MIR128-2	NFIX	NFIC
MIR129-1	MIR129-2	TET1	TET2
MIR129-1	MIR129-2	RBMS1	RBMS3
MIR129-1	MIR129-2	SP3	SP4
MIR129-1	MIR129-2	AMMECR1	AMMECR1L
MIR129-1	MIR129-2	EGLN3	EGLN1
MIR129-1	MIR129-2	NRXN3	NRXN1
MIR129-1	MIR129-2	ISL1	LHX2
MIR129-1	MIR129-2	ZFP36L2	ZFP36L1
MIR129-1	MIR129-2	RUNX2	RUNX1
MIR129-1	MIR129-2	ETV1	ETV5
MIR129-1	MIR129-2	PTPN3	PTPN4
MIR1-1	MIR1-2	YWHAZ	YWHAQ
MIR1-1	MIR1-2	CNN3	TAGLN2
MIR1-1	MIR1-2	FNDC3A	FNDC3B
MIR1-1	MIR1-2	ZNF281	ZNF148
MIR1-1	MIR1-2	SRSF9	SRSF1
MIR1-1	MIR206	YWHAZ	YWHAQ
MIR1-1	MIR206	CNN3	TAGLN2
MIR1-1	MIR206	FNDC3A	FNDC3B
MIR1-1	MIR206	ZNF281	ZNF148
MIR1-1	MIR206	SRSF9	SRSF1
MIR1-2	MIR206	YWHAZ	YWHAQ
MIR1-2	MIR206	CNN3	TAGLN2
MIR1-2	MIR206	FNDC3A	FNDC3B
MIR1-2	MIR206	ZNF281	ZNF148
MIR1-2	MIR206	SRSF9	SRSF1
MIR133A1	MIR133A2	ANKRD52	ANKRD44
MIR133A1	MIR133A2	ANKRD52	ANKRD28
MIR133A1	MIR133A2	PTBP3	PTBP1
MIR133A1	MIR133A2	TJP2	TJP1
MIR133A1	MIR133A2	RIMS1	RIMS2
MIR133A1	MIR133A2	FOXP2	FOXP4
MIR133A1	MIR133A2	PPP2CB	PPP2CA
MIR133A1	MIR133A2	ANKRD28	ANKRD44
MIR133A1	MIR133A2	PLEKHA3	PLEKHA8
MIR133A1	MIR133B	PPP2CA	PPP2CB
MIR133A1	MIR133B	PTBP3	PTBP1
MIR133A1	MIR133B	ANKRD28	ANKRD44
MIR133A2	MIR133B	PPP2CA	PPP2CB
MIR133A2	MIR133B	PTBP3	PTBP1
MIR133A2	MIR133B	ANKRD28	ANKRD44
MIR135A1	MIR135A2	ENTPD4	ENTPD7
MIR135A1	MIR135A2	FOXN2	FOXN3
MIR135A1	MIR135A2	SMAD2	SMAD5
MIR135A1	MIR135A2	MEF2A	MEF2C
MIR135A1	MIR135A2	CPLX2	CPLX1
MIR135A1	MIR135A2	ZNF385B	ZNF385A
MIR135A1	MIR135B	ENTPD4	ENTPD7
MIR135A1	MIR135B	FOXN2	FOXN3
MIR135A1	MIR135B	SMAD2	SMAD5
MIR135A1	MIR135B	MEF2A	MEF2C
MIR135A1	MIR135B	CPLX2	CPLX1
MIR135A1	MIR135B	ZNF385B	ZNF385A
MIR135A2	MIR135B	ENTPD4	ENTPD7
MIR135A2	MIR135B	FOXN2	FOXN3
MIR135A2	MIR135B	SMAD2	SMAD5
MIR135A2	MIR135B	MEF2A	MEF2C
MIR135A2	MIR135B	CPLX2	CPLX1
MIR135A2	MIR135B	ZNF385B	ZNF385A
MIR138-1	MIR138-2	TCF7L2	TCF7L1
MIR138-1	MIR138-2	NFIX	NFIB
MIR146A	MIR146B	CELF2	CELF1
MIR148A	MIR148B	B4GALT5	B4GALT6
MIR148A	MIR148B	MAFB	MAF
MIR148A	MIR148B	TNRC6C	TNRC6A
MIR148A	MIR148B	ESR1	ESRRG
MIR148A	MIR148B	FMR1	FXR1
MIR148A	MIR152	B4GALT5	B4GALT6
MIR148A	MIR152	NCOA1	NCOA2
MIR148A	MIR152	TNRC6C	TNRC6A
MIR148A	MIR152	ESR1	ESRRG
MIR148A	MIR152	FMR1	FXR1
MIR148B	MIR152	B4GALT5	B4GALT6
MIR148B	MIR152	TNRC6C	TNRC6A
MIR148B	MIR152	ESR1	ESRRG
MIR148B	MIR152	FMR1	FXR1
MIR153-1	MIR153-2	NEUROD6	NEUROD1
MIR153-1	MIR153-2	NFIA	NFIB
MIR15A	MIR15B	PIP4P1	PIP4P2
MIR15A	MIR15B	CCND2	CCND1
MIR15A	MIR15B	SALL4	SALL1
MIR15A	MIR15B	PTPN3	PTPN4
MIR15A	MIR424	PIP4P1	PIP4P2
MIR15A	MIR424	CCND2	CCND1
MIR15A	MIR424	PTPN3	PTPN4
MIR15A	MIR497	PIP4P1	PIP4P2
MIR15A	MIR497	CPEB2	CPEB3
MIR15A	MIR497	ACVR2B	ACVR2A
MIR15A	MIR497	CCND2	CCND1
MIR15A	MIR497	SALL4	SALL1
MIR15A	MIR497	PTPN3	PTPN4
MIR15B	MIR424	PIP4P1	PIP4P2
MIR15B	MIR424	CCND2	CCND1
MIR15B	MIR424	PTPN3	PTPN4
MIR15B	MIR497	PIP4P1	PIP4P2
MIR15B	MIR497	CCND2	CCND1
MIR15B	MIR497	SALL4	SALL1
MIR15B	MIR497	PTPN3	PTPN4
MIR424	MIR497	PIP4P1	PIP4P2
MIR424	MIR497	CCND2	CCND1
MIR424	MIR497	PTPN3	PTPN4
MIR16-1	MIR16-2	PIP4P1	PIP4P2
MIR16-1	MIR16-2	ACVR2B	ACVR2A
MIR16-1	MIR16-2	CCND2	CCND1
MIR16-1	MIR195	PIP4P1	PIP4P2
MIR16-1	MIR195	CCND2	CCND1
MIR16-1	MIR503	PIP4P1	PIP4P2
MIR16-2	MIR195	PIP4P1	PIP4P2
MIR16-2	MIR195	VEGFC	VEGFA
MIR16-2	MIR195	MTF2	PHF19
MIR16-2	MIR195	BMI1	PCGF3
MIR16-2	MIR195	CCND2	CCND1
MIR16-2	MIR195	ARFGEF1	ARFGEF2
MIR16-2	MIR195	EYA1	EYA4
MIR16-2	MIR195	TSHZ3	TSHZ1
MIR16-2	MIR503	PIP4P1	PIP4P2
MIR16-2	MIR503	CPEB2	CPEB3
MIR195	MIR503	PIP4P1	PIP4P2
MIR181A1	MIR181A2	ACVR2B	ACVR2A
MIR181A1	MIR181A2	ZFP36L2	ZFP36L1
MIR181A1	MIR181A2	HOXA1	HOXD1
MIR181A1	MIR181C	ACVR2B	ACVR2A
MIR181A1	MIR181C	ZFP36L2	ZFP36L1
MIR181A1	MIR181C	HOXA1	HOXD1
MIR181A2	MIR181C	ACVR2B	ACVR2A
MIR181A2	MIR181C	ZFP36L2	ZFP36L1
MIR181A2	MIR181C	HOXA1	HOXD1
MIR181B1	MIR181B2	ARL5A	ARL5B
MIR181B1	MIR181B2	ACVR2B	ACVR2A
MIR181B1	MIR181B2	ZFP36L2	ZFP36L1
MIR181B1	MIR181D	ACVR2B	ACVR2A
MIR181B1	MIR181D	ZFP36L2	ZFP36L1
MIR181B2	MIR181D	ACVR2B	ACVR2A
MIR181B2	MIR181D	ZFP36L2	ZFP36L1
MIR18A	MIR18B	BRWD1	BRWD3
MIR18A	MIR18B	XYLT1	XYLT2
MIR190A	MIR190B	FNDC3A	FNDC3B
MIR190A	MIR190B	TNRC6C	TNRC6A
MIR190A	MIR190B	TNRC6C	TNRC6B
MIR190A	MIR190B	TNRC6A	TNRC6B
MIR190A	MIR190B	MEF2A	MEF2C
MIR190A	MIR190B	TCF7L2	TCF7L1
MIR193A	MIR193B	ING5	ING1
MIR194-1	MIR194-2	KDM5B	KDM5A
MIR194-1	MIR194-2	ZFHX4	ZFHX3
MIR194-1	MIR194-2	CHD6	CHD9
MIR194-1	MIR194-2	RSBN1	RSBN1L
MIR196A1	MIR196A2	HOXB7	HOXA7
MIR196A1	MIR196A2	LRIG3	LRIG2
MIR196A1	MIR196A2	HOXC8	HOXA7
MIR196A1	MIR196A2	PBX3	PBX1
MIR196A1	MIR196A2	HOXA5	HOXB6
MIR196A1	MIR196A2	LIN28B	LIN28A
MIR196A1	MIR196A2	LCOR	LCORL
MIR196A1	MIR196A2	IGF2BP3	IGF2BP1
MIR196A1	MIR196A2	PLEKHA8	GLTP
MIR196A1	MIR196B	HOXB7	HOXA7
MIR196A1	MIR196B	LRIG3	LRIG2
MIR196A1	MIR196B	HOXC8	HOXA7
MIR196A1	MIR196B	PBX3	PBX1
MIR196A1	MIR196B	HOXA5	HOXB6
MIR196A1	MIR196B	LIN28B	LIN28A
MIR196A1	MIR196B	LCOR	LCORL
MIR196A1	MIR196B	IGF2BP3	IGF2BP1
MIR196A2	MIR196B	HOXB7	HOXA7
MIR196A2	MIR196B	LRIG3	LRIG2
MIR196A2	MIR196B	HOXC8	HOXA7
MIR196A2	MIR196B	PBX3	PBX1
MIR196A2	MIR196B	HOXA5	HOXB6
MIR196A2	MIR196B	LIN28B	LIN28A
MIR196A2	MIR196B	LCOR	LCORL
MIR196A2	MIR196B	IGF2BP3	IGF2BP1
MIR199A1	MIR199A2	TAB2	TAB3
MIR199A1	MIR199A2	CELSR1	CELSR2
MIR199A1	MIR199A2	ACVR2B	ACVR2A
MIR199A1	MIR199A2	TSPAN3	TSPAN6
MIR199A1	MIR199A2	FBXW11	BTRC
MIR199A1	MIR199A2	PDE4D	PDE4B
MIR199A1	MIR199B	TAB2	TAB3
MIR199A1	MIR199B	CELSR1	CELSR2
MIR199A1	MIR199B	ACVR2B	ACVR2A
MIR199A1	MIR199B	TSPAN3	TSPAN6
MIR199A1	MIR199B	FBXW11	BTRC
MIR199A1	MIR199B	PDE4D	PDE4B
MIR199A2	MIR199B	TAB2	TAB3
MIR199A2	MIR199B	CELSR1	CELSR2
MIR199A2	MIR199B	ACVR2B	ACVR2A
MIR199A2	MIR199B	TSPAN3	TSPAN6
MIR199A2	MIR199B	FBXW11	BTRC
MIR199A2	MIR199B	PDE4D	PDE4B
MIR19B1	MIR19B2	MBNL1	MBNL2
MIR19B1	MIR19B2	ZDHHC3	ZDHHC7
MIR19B1	MIR19B2	ESR1	PGR
MIR19B1	MIR19B2	TAOK3	TAOK1
MIR19B1	MIR19B2	NPAS2	CLOCK
MIR19B1	MIR19B2	TNRC6A	TNRC6B
MIR19B1	MIR19B2	ADGRL2	ADGRL3
MIR19B1	MIR19B2	CALM1	CALM2
MIR19B1	MIR19B2	PHF20	PHF20L1
MIR19B1	MIR19B2	BCL11B	BCL11A
MIR19B1	MIR19B2	RAP1B	RAP1A
MIR19B1	MIR19B2	ATXN7L1	ATXN7
MIR141	MIR200A	MBNL1	MBNL3
MIR141	MIR200A	RANBP6	IPO5
MIR141	MIR200A	STAT4	STAT5B
MIR141	MIR200A	ZEB2	ZEB1
MIR141	MIR200A	PLAG1	PLAGL2
MIR141	MIR200A	EPHA2	EPHA7
MIR200B	MIR200C	NFIA	NFIB
MIR200B	MIR200C	ZEB2	ZEB1
MIR200B	MIR200C	RANBP9	RANBP10
MIR20A	MIR20B	NR4A3	NR4A2
MIR20A	MIR20B	EPHA4	EPHA7
MIR20A	MIR20B	RGMB	RGMA
MIR20A	MIR20B	ARID4A	ARID4B
MIR20A	MIR20B	TRIP10	FNBP1L
MIR20A	MIR93	NR4A3	NR4A2
MIR20A	MIR93	RGMB	RGMA
MIR20A	MIR93	ARID4A	ARID4B
MIR20A	MIR93	TRIP10	FNBP1L
MIR20B	MIR93	NR4A3	NR4A2
MIR20B	MIR93	RGMB	RGMA
MIR20B	MIR93	ARID4A	ARID4B
MIR20B	MIR93	TRIP10	FNBP1L
MIR204	MIR211	AP1S2	AP1S1
MIR204	MIR211	MTMR7	MTMR6
MIR204	MIR211	EPHB6	EPHB2
MIR204	MIR211	EPHB6	EPHA7
MIR204	MIR211	ZFHX4	ZFHX3
MIR204	MIR211	SOX4	SOX11
MIR204	MIR211	NR3C1	ESRRG
MIR204	MIR211	EPHA5	EPHB2
MIR204	MIR211	EPHB2	EPHA7
MIR192	MIR215	DIAPH1	DIAPH2
MIR192	MIR215	OLIG3	BHLHE22
MIR192	MIR215	ACVR2B	ACVR2A
MIR218-1	MIR218-2	MDGA1	MDGA2
MIR218-1	MIR218-2	MBNL1	MBNL2
MIR218-1	MIR218-2	SGCD	SGCZ
MIR219A1	MIR219A2	MECOM	PRDM16
MIR219A1	MIR219A2	SYT1	SYT5
MIR219A1	MIR219A2	CXXC4	CXXC5
MIR219A1	MIR219A2	EYA2	EYA1
MIR219A1	MIR219A2	TCF7L2	LEF1
MIR23A	MIR23B	NEK6	NEK7
MIR23A	MIR23B	CPEB2	CPEB4
MIR23A	MIR23B	ATP11C	ATP11A
MIR23A	MIR23B	FUT4	FUT9
MIR23A	MIR23B	UBE2D1	UBE2D3
MIR24-1	MIR24-2	NRP2	NRP1
MIR24-1	MIR24-2	RAP2C	RAP2A
MIR24-1	MIR24-2	REEP1	REEP2
MIR24-1	MIR24-2	PTPRF	PTPRD
MIR24-1	MIR24-2	EDA2R	TNFRSF19
MIR24-1	MIR24-2	PDGFRA	PDGFRB
MIR24-1	MIR24-2	TENM1	TENM3
MIR24-1	MIR24-2	RAP1B	RAP1A
MIR24-1	MIR24-2	ELL	ELL2
MIR24-1	MIR24-2	DUSP8	DUSP16
MIR26A1	MIR26A2	ACSL3	ACSL4
MIR26A1	MIR26A2	TET1	TET2
MIR26A1	MIR26A2	TET1	TET3
MIR26A1	MIR26A2	TET2	TET3
MIR26A1	MIR26A2	FAM98B	FAM98A
MIR26A1	MIR26A2	TNRC6C	TNRC6B
MIR26A1	MIR26A2	FMR1	FXR1
MIR26A1	MIR26A2	ULK2	ULK1
MIR26A1	MIR26A2	KPNA4	KPNA3
MIR26A1	MIR26A2	PRKCD	PRKCQ
MIR26A1	MIR26B	ACSL3	ACSL4
MIR26A1	MIR26B	TET1	TET2
MIR26A1	MIR26B	TET1	TET3
MIR26A1	MIR26B	TET2	TET3
MIR26A1	MIR26B	FAM98B	FAM98A
MIR26A1	MIR26B	ULK2	ULK1
MIR26A1	MIR26B	PRKCD	PRKCQ
MIR26A2	MIR26B	ACSL3	ACSL4
MIR26A2	MIR26B	TET1	TET2
MIR26A2	MIR26B	TET1	TET3
MIR26A2	MIR26B	TET2	TET3
MIR26A2	MIR26B	FAM98B	FAM98A
MIR26A2	MIR26B	ULK2	ULK1
MIR26A2	MIR26B	PRKCD	PRKCQ
MIR27A	MIR27B	PPARG	RARA
MIR27A	MIR27B	NR2F6	NR2F2
MIR27A	MIR27B	EYA1	EYA4
MIR27A	MIR27B	YWHAQ	YWHAB
MIR29A	MIR29C	TET1	TET2
MIR29A	MIR29C	TET1	TET3
MIR29A	MIR29C	TET2	TET3
MIR29A	MIR29C	LOX	LOXL2
MIR29A	MIR29C	NAV3	NAV1
MIR29A	MIR29C	NAV3	NAV2
MIR29A	MIR29C	DNMT3A	DNMT3B
MIR29A	MIR29C	COL5A1	COL11A1
MIR29A	MIR29C	NAV2	NAV1
MIR29B1	MIR29B2	TET1	TET2
MIR29B1	MIR29B2	TET1	TET3
MIR29B1	MIR29B2	COL3A1	COL1A2
MIR29B1	MIR29B2	TET2	TET3
MIR29B1	MIR29B2	COL5A2	COL1A2
MIR29B1	MIR29B2	NAV3	NAV1
MIR29B1	MIR29B2	NAV3	NAV2
MIR29B1	MIR29B2	COL5A1	COL11A1
MIR29B1	MIR29B2	NAV2	NAV1
MIR301A	MIR301B	CPEB2	CPEB3
MIR301A	MIR301B	MYT1L	ST18
MIR301A	MIR301B	MYBL1	MYB
MIR30A	MIR30E	RARG	RARB
MIR30A	MIR30E	BRWD1	BRWD3
MIR30A	MIR30E	RALB	RALA
MIR30A	MIR30E	SOS2	SOS1
MIR30A	MIR30E	PRKAA1	PRKAA2
MIR30A	MIR30E	TNRC6A	TNRC6B
MIR30A	MIR30E	LIN28B	LIN28A
MIR30A	MIR30D	RARG	RARB
MIR30A	MIR30D	BRWD1	BRWD3
MIR30A	MIR30D	RALB	RALA
MIR30A	MIR30D	PRKAA1	PRKAA2
MIR30A	MIR30D	TNRC6A	TNRC6B
MIR30A	MIR30D	LIN28B	LIN28A
MIR30E	MIR30D	RARG	RARB
MIR30E	MIR30D	BRWD1	BRWD3
MIR30E	MIR30D	RALB	RALA
MIR30E	MIR30D	PRKAA1	PRKAA2
MIR30E	MIR30D	SOCS1	SOCS3
MIR30E	MIR30D	TNRC6A	TNRC6B
MIR30E	MIR30D	LIN28B	LIN28A
MIR30B	MIR30C1	RARG	RARB
MIR30B	MIR30C1	BRWD1	BRWD3
MIR30B	MIR30C1	LIN28B	LIN28A
MIR30B	MIR30C2	RARG	RARB
MIR30B	MIR30C2	BRWD1	BRWD3
MIR30B	MIR30C2	LIN28B	LIN28A
MIR30C1	MIR30C2	RARG	RARB
MIR30C1	MIR30C2	BRWD1	BRWD3
MIR30C1	MIR30C2	SP3	SP1
MIR30C1	MIR30C2	HNRNPU	HNRNPUL1
MIR30C1	MIR30C2	LIN28B	LIN28A
MIR30C1	MIR30C2	FAM117B	GLCCI1
MIR30C1	MIR30C2	FAM117B	FAM117A
MIR30C1	MIR30C2	MIER1	MIER3
MIR30C1	MIR30C2	FAM117A	GLCCI1
MIR30C1	MIR30C2	FZD3	FZD7
MIR33A	MIR33B	PIM3	PIM1
MIR33A	MIR33B	CPEB2	CPEB3
MIR33A	MIR33B	KPNA4	KPNA3
MIR33A	MIR33B	BACH2	BACH1
MIR33A	MIR33B	HIPK2	HIPK1
MIR33A	MIR33B	CCNYL1	CCNY
MIR25	MIR363	NFIA	NFIC
MIR25	MIR363	NFIA	NFIB
MIR25	MIR363	CPEB2	CPEB3
MIR25	MIR363	CPEB2	CPEB4
MIR25	MIR363	CPEB3	CPEB4
MIR25	MIR363	NFIB	NFIC
MIR25	MIR363	FXR1	FMR1
MIR25	MIR367	NFIA	NFIB
MIR25	MIR367	CPEB2	CPEB3
MIR25	MIR367	CPEB2	CPEB4
MIR25	MIR367	CPEB3	CPEB4
MIR25	MIR367	FXR1	FMR1
MIR25	MIR367	ITGA5	ITGAV
MIR363	MIR367	NFIA	NFIB
MIR363	MIR367	CPEB2	CPEB3
MIR363	MIR367	CPEB2	CPEB4
MIR363	MIR367	CPEB3	CPEB4
MIR363	MIR367	FXR1	FMR1
MIR365A	MIR365B	SGK3	SGK1
MIR365A	MIR365B	SENP1	SENP2
MIR365A	MIR365B	ADD3	ADD1
MIR365A	MIR365B	KCNJ2	KCNJ3
MIR7-1	MIR7-3	RBMS1	RBMS3
MIR7-1	MIR7-3	IRS2	IRS1
MIR7-1	MIR7-3	PDE4D	PDE4A
MIR7-1	MIR7-3	PDE4D	PDE4B
MIR7-1	MIR7-3	PDE4A	PDE4B
MIR7-1	MIR7-2	IGLON5	OPCML
MIR7-1	MIR7-2	BRWD1	BRWD3
MIR7-1	MIR7-2	RBMS1	RBMS3
MIR7-1	MIR7-2	CPEB2	CPEB4
MIR7-1	MIR7-2	ZFHX4	ZFHX3
MIR7-1	MIR7-2	FOXN2	FOXN3
MIR7-1	MIR7-2	ARID4A	ARID4B
MIR7-1	MIR7-2	IRS2	IRS1
MIR7-1	MIR7-2	G3BP2	G3BP1
MIR7-1	MIR7-2	PDE4D	PDE4A
MIR7-1	MIR7-2	PDE4D	PDE4B
MIR7-1	MIR7-2	PDE4A	PDE4B
MIR7-1	MIR7-2	CNOT8	CNOT7
MIR7-3	MIR7-2	RBMS1	RBMS3
MIR7-3	MIR7-2	IRS2	IRS1
MIR7-3	MIR7-2	PDE4D	PDE4A
MIR7-3	MIR7-2	PDE4D	PDE4B
MIR7-3	MIR7-2	PDE4A	PDE4B
MIR92A1	MIR92A2	RNF44	RNF38
MIR92A1	MIR92A2	CPEB2	CPEB3
MIR92A1	MIR92A2	CPEB2	CPEB4
MIR92A1	MIR92A2	CPEB4	CPEB3
MIR92A1	MIR92A2	ITGA5	ITGAV
MIR92A1	MIR92B	CPEB2	CPEB3
MIR92A1	MIR92B	CPEB2	CPEB4
MIR92A1	MIR92B	CPEB4	CPEB3
MIR92A1	MIR92B	ITGA5	ITGAV
MIR92A2	MIR92B	CPEB2	CPEB3
MIR92A2	MIR92B	CPEB2	CPEB4
MIR92A2	MIR92B	CPEB4	CPEB3
MIR92A2	MIR92B	NFIX	NFIB
MIR92A2	MIR92B	ITGA5	ITGAV
MIR9-1	MIR9-2	TPD52L2	TPD52
MIR9-1	MIR9-2	POU2F1	POU2F3
MIR9-1	MIR9-2	SEC23IP	DDHD2
MIR9-1	MIR9-2	CPEB2	CPEB3
MIR9-1	MIR9-2	CPEB2	CPEB4
MIR9-1	MIR9-2	CPEB4	CPEB3
MIR9-1	MIR9-2	ZFHX4	ZFHX3
MIR9-1	MIR9-2	CNOT6L	CNOT6
MIR9-1	MIR9-2	ONECUT2	ONECUT1
MIR9-1	MIR9-2	TENT5C	TENT5D
MIR9-1	MIR9-2	POU3F2	POU2F3
MIR9-1	MIR9-2	DYRK1A	DYRK1B
MIR9-1	MIR9-2	FOXP2	FOXP1
MIR9-1	MIR9-2	FOXP2	FOXP4
MIR9-1	MIR9-2	STK3	STK4
MIR9-1	MIR9-2	TNKS	TNKS2
MIR9-1	MIR9-2	FOXP4	FOXP1
MIR9-1	MIR9-2	LIN28B	LIN28A
MIR9-1	MIR9-2	PCDHA4	PCDH19
MIR9-1	MIR9-2	FBN1	FBN2
MIR9-1	MIR9-3	TPD52L2	TPD52
MIR9-1	MIR9-3	POU2F1	POU2F3
MIR9-1	MIR9-3	SEC23IP	DDHD2
MIR9-1	MIR9-3	CPEB2	CPEB3
MIR9-1	MIR9-3	CPEB2	CPEB4
MIR9-1	MIR9-3	CPEB4	CPEB3
MIR9-1	MIR9-3	ZFHX4	ZFHX3
MIR9-1	MIR9-3	CNOT6L	CNOT6
MIR9-1	MIR9-3	ONECUT2	ONECUT1
MIR9-1	MIR9-3	TENT5C	TENT5D
MIR9-1	MIR9-3	POU3F2	POU2F3
MIR9-1	MIR9-3	DYRK1A	DYRK1B
MIR9-1	MIR9-3	FOXP2	FOXP1
MIR9-1	MIR9-3	FOXP2	FOXP4
MIR9-1	MIR9-3	STK3	STK4
MIR9-1	MIR9-3	TNKS	TNKS2
MIR9-1	MIR9-3	FOXP4	FOXP1
MIR9-1	MIR9-3	LIN28B	LIN28A
MIR9-1	MIR9-3	PCDHA4	PCDH19
MIR9-1	MIR9-3	FBN1	FBN2
MIR9-2	MIR9-3	TPD52L2	TPD52
MIR9-2	MIR9-3	POU2F1	POU2F3
MIR9-2	MIR9-3	SEC23IP	DDHD2
MIR9-2	MIR9-3	CPEB2	CPEB3
MIR9-2	MIR9-3	CPEB2	CPEB4
MIR9-2	MIR9-3	CPEB4	CPEB3
MIR9-2	MIR9-3	ZFHX4	ZFHX3
MIR9-2	MIR9-3	CNOT6L	CNOT6
MIR9-2	MIR9-3	ONECUT2	ONECUT1
MIR9-2	MIR9-3	TENT5C	TENT5D
MIR9-2	MIR9-3	POU3F2	POU2F3
MIR9-2	MIR9-3	DYRK1A	DYRK1B
MIR9-2	MIR9-3	FOXP2	FOXP1
MIR9-2	MIR9-3	FOXP2	FOXP4
MIR9-2	MIR9-3	STK3	STK4
MIR9-2	MIR9-3	TNKS	TNKS2
MIR9-2	MIR9-3	FOXP4	FOXP1
MIR9-2	MIR9-3	LIN28B	LIN28A
MIR9-2	MIR9-3	PCDHA4	PCDH19
MIR9-2	MIR9-3	FBN1	FBN2
MIR100	MIR99A	FZD5	FZD8
MIR100	MIR99A	TRIB1	TRIB2
MIR100	MIR99A	HS3ST2	HS3ST3B1
MIR100	MIR99A	ZBTB7A	ZBTB7B
MIR100	MIR99B	FZD5	FZD8
MIR100	MIR99B	TRIB1	TRIB2
MIR100	MIR99B	HS3ST2	HS3ST3B1
MIR99A	MIR99B	FZD5	FZD8
MIR99A	MIR99B	HS3ST2	HS3ST3B1
MIR99A	MIR99B	INSR	IGF1R
MIR99A	MIR99B	SMAD2	SMAD5
MIR99A	MIR99B	TRIB1	TRIB2
MIRLET7A1	MIRLET7A3	LRIG3	LRIG2
MIRLET7A1	MIRLET7A3	BDNF	NGF
MIRLET7A1	MIRLET7A3	COL3A1	COL1A2
MIRLET7A1	MIRLET7A3	IGF2BP2	IGF2BP3
MIRLET7A1	MIRLET7A3	IGF2BP2	IGF2BP1
MIRLET7A1	MIRLET7A3	TGFBR1	ACVR1C
MIRLET7A1	MIRLET7A3	DMD	UTRN
MIRLET7A1	MIRLET7A3	NR3C1	ESRRG
MIRLET7A1	MIRLET7A3	ADRB1	ADRB2
MIRLET7A1	MIRLET7A3	LIN28B	LIN28A
MIRLET7A1	MIRLET7A3	HOXA1	HOXD1
MIRLET7A1	MIRLET7A3	PUM1	PUM2
MIRLET7A1	MIRLET7A3	LCOR	LCORL
MIRLET7A1	MIRLET7A3	IGF2BP3	IGF2BP1
MIRLET7A1	MIRLET7F2	LRIG3	LRIG2
MIRLET7A1	MIRLET7F2	IGF2BP2	IGF2BP3
MIRLET7A1	MIRLET7F2	IGF2BP2	IGF2BP1
MIRLET7A1	MIRLET7F2	TGFBR1	ACVR1C
MIRLET7A1	MIRLET7F2	ADRB1	ADRB2
MIRLET7A1	MIRLET7F2	LIN28B	LIN28A
MIRLET7A1	MIRLET7F2	HOXA1	HOXD1
MIRLET7A1	MIRLET7F2	IGF2BP3	IGF2BP1
MIRLET7A3	MIRLET7F2	LRIG3	LRIG2
MIRLET7A3	MIRLET7F2	IGF2BP2	IGF2BP3
MIRLET7A3	MIRLET7F2	IGF2BP2	IGF2BP1
MIRLET7A3	MIRLET7F2	TGFBR1	ACVR1C
MIRLET7A3	MIRLET7F2	ADRB1	ADRB2
MIRLET7A3	MIRLET7F2	LIN28B	LIN28A
MIRLET7A3	MIRLET7F2	HOXA1	HOXD1
MIRLET7A3	MIRLET7F2	IGF2BP3	IGF2BP1
MIR98	MIRLET7B	LRIG3	LRIG2
MIR98	MIRLET7B	IGF2BP2	IGF2BP3
MIR98	MIRLET7B	IGF2BP2	IGF2BP1
MIR98	MIRLET7B	TGFBR1	ACVR1C
MIR98	MIRLET7B	DMD	UTRN
MIR98	MIRLET7B	INTS6	INTS6L
MIR98	MIRLET7B	LIN28B	LIN28A
MIR98	MIRLET7B	PUM1	PUM2
MIR98	MIRLET7B	IGF2BP3	IGF2BP1
MIR98	MIRLET7F1	LRIG3	LRIG2
MIR98	MIRLET7F1	IGF2BP2	IGF2BP3
MIR98	MIRLET7F1	IGF2BP2	IGF2BP1
MIR98	MIRLET7F1	TGFBR1	ACVR1C
MIR98	MIRLET7F1	CDK19	CDK8
MIR98	MIRLET7F1	LIN28B	LIN28A
MIR98	MIRLET7F1	HOXA1	HOXD1
MIR98	MIRLET7F1	PUM1	PUM2
MIR98	MIRLET7F1	IGF2BP3	IGF2BP1
MIRLET7B	MIRLET7F1	LRIG3	LRIG2
MIRLET7B	MIRLET7F1	BDNF	NGF
MIRLET7B	MIRLET7F1	IGF2BP2	IGF2BP3
MIRLET7B	MIRLET7F1	IGF2BP2	IGF2BP1
MIRLET7B	MIRLET7F1	TGFBR1	ACVR1C
MIRLET7B	MIRLET7F1	ITGB3	ITGB8
MIRLET7B	MIRLET7F1	NR3C1	ESRRG
MIRLET7B	MIRLET7F1	ADRB1	ADRB2
MIRLET7B	MIRLET7F1	LIN28B	LIN28A
MIRLET7B	MIRLET7F1	PUM1	PUM2
MIRLET7B	MIRLET7F1	IGF2BP3	IGF2BP1
MIRLET7A2	MIRLET7C	LRIG3	LRIG1
MIRLET7A2	MIRLET7C	LRIG3	LRIG2
MIRLET7A2	MIRLET7C	COL3A1	COL1A2
MIRLET7A2	MIRLET7C	IGF2BP2	IGF2BP3
MIRLET7A2	MIRLET7C	IGF2BP2	IGF2BP1
MIRLET7A2	MIRLET7C	TGFBR1	ACVR1C
MIRLET7A2	MIRLET7C	DMD	UTRN
MIRLET7A2	MIRLET7C	ADRB1	ADRB2
MIRLET7A2	MIRLET7C	LIN28B	LIN28A
MIRLET7A2	MIRLET7C	LRIG1	LRIG2
MIRLET7A2	MIRLET7C	IGF2BP3	IGF2BP1
MIRLET7A2	MIRLET7E	LRIG3	LRIG2
MIRLET7A2	MIRLET7E	IGF2BP2	IGF2BP3
MIRLET7A2	MIRLET7E	IGF2BP2	IGF2BP1
MIRLET7A2	MIRLET7E	TGFBR1	ACVR1C
MIRLET7A2	MIRLET7E	CPEB2	CPEB3
MIRLET7A2	MIRLET7E	DMD	UTRN
MIRLET7A2	MIRLET7E	ADRB1	ADRB2
MIRLET7A2	MIRLET7E	LIN28B	LIN28A
MIRLET7A2	MIRLET7E	IGF2BP3	IGF2BP1
MIRLET7C	MIRLET7E	LRIG3	LRIG2
MIRLET7C	MIRLET7E	IGF2BP2	IGF2BP3
MIRLET7C	MIRLET7E	IGF2BP2	IGF2BP1
MIRLET7C	MIRLET7E	TGFBR1	ACVR1C
MIRLET7C	MIRLET7E	DMD	UTRN
MIRLET7C	MIRLET7E	ADRB1	ADRB2
MIRLET7C	MIRLET7E	LIN28B	LIN28A
MIRLET7C	MIRLET7E	IGF2BP3	IGF2BP1
MIRLET7D	MIRLET7G	LRIG3	LRIG2
MIRLET7D	MIRLET7G	IGF2BP2	IGF2BP3
MIRLET7D	MIRLET7G	IGF2BP2	IGF2BP1
MIRLET7D	MIRLET7G	TGFBR1	ACVR1C
MIRLET7D	MIRLET7G	CPEB2	CPEB3
MIRLET7D	MIRLET7G	DMD	UTRN
MIRLET7D	MIRLET7G	ADRB1	ADRB2
MIRLET7D	MIRLET7G	LIN28B	LIN28A
MIRLET7D	MIRLET7G	HOXA1	HOXD1
MIRLET7D	MIRLET7G	IGF2BP3	IGF2BP1
MIRLET7D	MIRLET7I	LRIG3	LRIG2
MIRLET7D	MIRLET7I	IGF2BP2	IGF2BP3
MIRLET7D	MIRLET7I	IGF2BP2	IGF2BP1
MIRLET7D	MIRLET7I	TGFBR1	ACVR1C
MIRLET7D	MIRLET7I	CPEB2	CPEB3
MIRLET7D	MIRLET7I	DMD	UTRN
MIRLET7D	MIRLET7I	LIN28B	LIN28A
MIRLET7D	MIRLET7I	IGF2BP3	IGF2BP1
MIRLET7G	MIRLET7I	LRIG3	LRIG2
MIRLET7G	MIRLET7I	IGF2BP2	IGF2BP3
MIRLET7G	MIRLET7I	IGF2BP2	IGF2BP1
MIRLET7G	MIRLET7I	TGFBR1	ACVR1C
MIRLET7G	MIRLET7I	CPEB2	CPEB3
MIRLET7G	MIRLET7I	DMD	UTRN
MIRLET7G	MIRLET7I	LIN28B	LIN28A
MIRLET7G	MIRLET7I	IGF2BP3	IGF2BP1
